Géneros / Juegos,Pacman,Donkey Kong,Tetris,Super Mario Bros,The Legend of Zelda,Indiana Jones y la Última Cruzada,SimCity,Super Mario World,Street Fighter 2: The World Warrior,Doom,Mortal Kombat,Super Metroid,Warcraft II: Las mareas de la oscuridad,Resident Evil,Gran Turismo,Final Fantasy VII,Half-Life 2,Grand Theft Auto: San Andreas,World of Warcraft,Resident Evil 4,The Elder Scrolls IV: Oblivion,BioShock,Grand Theft Auto IV,Minecraft,Read Dead Redemption,The Elder Scrolls V: Skyrim,The Walking Dead: The Game,Grand Theft Auto V,Dragon Age: Inquisition,The Witcher 3: Wild Hunt,Overwatch,The Legend of Zelda: Breath of the Wild,Fortnite,God of War,Sekiro: Shadows Die Twice,The Last of Us Parte 2,It Takes Two,Baldur’s Gate 3,Elden Ring,The Legend of Zelda: Tears of the Kingdom
Pixelados,1,1,1,1,1,1,1,1,1,1,1,1,1,1,1,0,0,0,0,0,0,0,0,1,0,0,0,0,0,0,0,0,0,0,0,0,0,0,0,0
RTS,0,0,1,0,0,0,0,0,1,0,1,0,1,0,0,0,0,0,1,0,0,0,0,0,0,0,0,0,0,0,0,0,0,0,0,0,0,0,0,0
Estrategia por turnos,0,0,0,0,0,0,0,0,0,0,0,0,0,0,0,0,0,0,0,0,0,0,0,0,0,0,0,0,0,0,0,0,0,0,0,0,0,1,0,0
Rougelike,1,1,1,0,1,1,0,0,1,0,1,0,0,0,0,0,0,0,1,0,0,0,0,0,0,0,0,0,0,0,0,0,0,0,0,0,0,0,0,0
Rougelite,0,0,0,1,0,0,0,1,0,1,0,1,1,1,1,1,1,1,1,1,1,1,1,1,1,1,1,1,1,1,1,1,0,1,1,1,1,1,1,1
Multijugador,0,0,0,0,0,0,0,0,1,0,1,0,1,0,0,0,0,0,1,0,0,0,0,1,1,0,0,1,1,0,1,0,1,0,0,0,1,0,1,0
Un jugador,1,1,1,1,1,1,1,1,1,1,1,1,1,1,1,1,1,1,1,1,1,1,1,1,1,1,1,1,0,1,0,1,0,1,1,1,0,1,1,1
Cooperativo,0,0,0,0,0,0,0,0,0,0,0,0,0,0,0,0,0,0,1,0,0,0,0,1,0,0,0,1,1,0,1,0,1,0,0,0,1,0,1,0
JcJ,0,0,0,0,0,0,0,0,1,0,1,0,1,0,0,0,0,0,1,0,0,0,0,1,1,0,0,1,0,0,1,0,1,0,0,0,0,0,1,0
JcE,1,1,1,1,1,1,0,1,1,1,1,1,1,1,1,1,1,1,1,1,1,1,1,1,1,1,1,1,1,1,0,1,0,1,1,1,0,1,1,1
RPG,0,0,0,0,0,0,0,0,1,0,0,0,0,0,0,1,0,0,1,0,1,1,0,0,1,1,0,0,1,1,0,0,0,1,1,0,0,1,1,0
Soulslike,0,0,0,0,0,0,0,0,0,0,0,0,0,0,0,0,0,0,0,0,0,0,0,0,0,0,0,0,0,0,0,0,0,0,0,0,0,0,1,0
Deportes,0,0,0,0,0,0,0,0,1,0,1,0,0,0,1,0,0,0,0,0,0,0,0,0,0,0,0,0,0,0,0,0,0,0,0,0,0,0,0,0
De circuito,0,1,0,1,0,0,0,1,0,0,0,0,0,0,1,0,0,0,0,0,0,0,0,0,0,0,0,0,0,0,0,0,0,0,0,0,1,0,0,0
3D,0,0,0,0,0,0,0,0,0,1,0,0,0,1,0,1,1,1,1,1,1,1,1,1,1,1,1,1,1,1,1,1,1,1,1,1,1,1,1,1
2D,1,1,1,1,1,1,1,1,1,0,1,1,1,0,1,0,0,0,0,0,0,0,0,0,0,0,0,0,0,0,0,0,0,0,0,0,0,0,0,0
Disparos,0,0,0,0,0,0,0,0,0,1,0,1,0,1,0,0,1,1,0,1,0,0,1,0,1,0,1,1,0,0,1,0,1,0,0,1,0,0,0,0
1ª Persona,0,0,0,0,0,0,0,0,0,1,0,0,0,0,0,0,1,0,0,0,1,1,0,1,0,1,1,0,0,0,1,0,0,0,0,0,0,0,0,0
3ª Persona,1,1,0,1,1,1,0,1,1,0,1,1,1,1,1,1,0,1,1,1,1,0,1,0,1,1,0,1,1,1,0,0,1,1,1,1,1,1,1,1
Reflejos,0,1,1,0,0,0,0,0,1,0,1,0,0,1,0,0,0,0,0,1,0,0,0,0,0,0,1,0,0,0,0,0,1,0,1,0,0,0,0,0
Violentos,0,0,0,1,1,0,0,1,1,1,1,1,1,1,0,1,1,1,1,1,1,1,1,1,1,1,1,1,1,1,1,1,1,1,1,1,0,1,1,1
Historia,0,0,0,1,1,1,0,1,0,1,0,1,1,1,0,1,1,1,0,1,1,1,1,0,1,1,1,1,0,1,0,1,0,1,1,1,0,1,1,1